Price,Cost,Quantity,Category,Feature 5,Feature 6,Feature 7,Target
41.95501180742059,8.078250709603672,1,Belt,114.99,734.45,910.13,99.05276677464629
53.23670475416885,8.323859324119805,10,Shoe,546.84,737.88,654.1,117.00372002300747
57.06184892920807,6.667904230384858,10,Shoe,257.23,756.37,512.0,109.23717854190207
53.825041492965816,2.1606404544026145,1,Belt,711.2,472.92,3.57,69.49952467378411
47.09573634407195,3.3692501465896627,4,Shoe,19.45,496.61,19.23,72.88048737019959
47.085553073196415,7.852541995515132,3,Belt,798.97,854.87,952.84,103.70334704180235
58.18113506183525,7.989130198254467,8,Belt,959.44,576.24,306.2,118.50504644961653
54.1210200914018,3.410369022246299,7,Belt,107.28,579.17,798.91,81.84360324712588
45.322063557768175,3.6157182246051973,10,Belt,839.93,528.82,543.22,76.13209113000455
43.98320907573793,5.696084024742145,10,Shoe,88.9,403.61,239.81,89.35579724893294
40.47438916093792,4.2254378839519,6,Shoe,213.57,359.21,790.94,73.35245434860121
51.19053332051027,7.884719414745558,2,Shoe,442.88,664.7,958.54,107.48356922372918
45.64982235423585,3.238837501195057,1,Belt,140.34,625.62,280.92,68.87168486260124
44.420544966002026,4.035581275383641,3,Purse,18.92,793.41,862.6,74.31961389368752
49.01050989511733,0.27859593018821677,4,Belt,413.84,187.22,998.87,53.16068140643485
47.274930778064906,1.6017975765242352,5,Shoe,154.92,551.28,612.87,61.23751381373455
47.21110868321834,5.2767199674177645,5,Purse,43.99,500.39,737.1,86.89814845514269
50.25395023452641,6.897060072861281,7,Belt,542.69,195.91,422.7,102.38337074455538
49.745787925326354,3.5114015252060793,8,Shoe,959.48,476.63,925.92,78.72559860176892
50.187230729132736,2.1418279751350355,6,Purse,9.51,926.75,171.81,68.48002655507798
39.60957356420604,2.182920948199482,4,Belt,805.31,5.24,430.84,57.090020201602414
50.40088257992626,6.283176759535332,10,Shoe,594.53,756.81,877.1,99.88311989667358
54.69902204407752,7.7566760480257315,5,Belt,998.47,444.64,449.0,111.74575438025764
54.63461329688181,9.135071706292832,1,Purse,937.46,804.35,872.61,119.13011524093163
66.08307994994634,7.024407972853508,3,Shoe,810.45,632.22,180.16,116.9039357599209
47.29423924674219,8.955816891183504,2,Belt,381.28,515.2,545.1,111.0849574850267
57.858341504575314,4.730904384220238,6,Purse,179.32,245.5,118.11,94.27467219411697
49.93984000645909,8.100040461080713,7,Belt,7.86,477.1,992.52,110.49012323402408
60.96858961916688,1.838328142894159,9,Purse,180.9,188.54,192.83,78.786886619426
44.918515884420756,5.521262589947998,9,Belt,565.7,561.96,524.26,88.51735401405675
50.389359107495686,1.5552593248043818,10,Shoe,748.5,334.87,226.32,66.77617438112637
53.030451398820176,6.748844973663443,2,Purse,449.39,750.76,63.5,101.37236621446428
43.881789592797844,4.276120846958292,4,Purse,266.53,955.63,167.31,76.0146355215059
48.661884242470485,0.8471737013724159,1,Belt,428.35,317.53,273.89,55.14210015207739
45.28489858173198,4.485203402473818,10,Purse,527.44,5.15,865.61,82.18132239904871
46.96369754792684,5.14074933998883,9,Shoe,545.4,987.95,145.82,87.89894292784867
42.9893794223032,0.422630692620248,6,Purse,395.15,202.61,149.8,49.24779427064493
45.526685819253856,3.530123380874462,4,Belt,238.11,328.69,791.67,72.4375494853751
56.99272418614665,4.50010000221461,4,Belt,478.12,607.98,776.72,90.69342420164892
44.07065189183077,1.9011845084002301,1,Purse,944.2,993.14,673.81,57.928943450632374
48.758870419189975,2.399363343587321,3,Purse,708.71,980.33,691.58,67.20441382430123
46.478016725926466,2.340072703144016,8,Belt,302.17,754.3,847.15,67.25852564793458
58.54647480419165,9.212425704722603,1,Belt,327.78,768.16,27.29,123.58345473724987
45.495948283897484,7.283684997830113,7,Belt,200.56,966.49,418.75,100.33174326870827
58.57409760517517,5.416793586813694,10,Shoe,490.9,239.47,370.42,101.99165271287103
44.90527002705316,2.491965636580282,5,Purse,795.83,175.23,621.8,65.09902948311513
51.97551649342608,9.875618388777593,8,Shoe,194.37,626.83,993.41,125.50484521486922
52.345468488655946,4.603992585114019,4,Belt,400.0,210.48,99.3,86.77341658445408
57.30476463820907,6.807024446921022,5,Purse,335.79,482.77,578.12,107.70393576665623
47.128215394708846,4.85136947014552,3,Purse,771.71,537.96,291.63,82.73780168572749
49.67384737753526,6.055588641221335,3,Purse,935.99,234.9,797.93,93.71296786608461
47.97702645419331,3.8841361401153645,8,Belt,420.9,623.36,846.9,79.56597943500086
47.2266483496195,4.531886177049886,9,Shoe,291.58,348.16,261.41,83.8998515889687
50.61723089196932,8.107097781666152,10,Purse,214.38,25.66,800.79,112.86691536363239
50.61670694614606,7.3873124061679825,1,Belt,256.18,518.51,937.85,102.87789378932193
57.20213789634958,6.747452209679585,3,Belt,612.26,359.19,197.94,106.08430336410669
41.709460444766556,8.678917309437372,6,Belt,701.16,446.92,929.39,105.76188161082815
45.57908828944049,8.774301575201239,7,Belt,278.96,9.99,283.47,110.84919931584916
52.479122409108776,9.210455136921293,7,Shoe,9.24,731.34,858.38,120.80230836755783
45.68032561313309,1.5997919375288632,1,Purse,158.56,447.14,673.85,57.42886917583513
46.92220175676778,4.212617274186843,3,Shoe,681.26,268.3,28.51,78.06052267607568
44.180956764966865,4.7728362874546715,2,Belt,694.55,283.74,620.58,78.69081077714955
56.838154229041066,5.148904785843366,8,Shoe,304.2,464.89,29.38,97.28048772994464
48.68411869546516,9.011893086343234,9,Belt,243.1,513.2,657.1,116.7173702998678
51.23517986004285,3.66976111023696,2,Shoe,758.1,772.83,375.16,78.02350763170156
46.15430140331674,5.142406381783433,3,Purse,857.34,373.9,228.58,83.80114607580077
40.77683694720457,9.017311661132995,5,Purse,700.3,18.3,30.64,106.64801857513554
54.86736569123448,3.3261077808206503,7,Purse,205.46,874.68,571.64,82.00012015697902
49.66125019382504,1.2807753717763581,9,Belt,83.44,745.39,937.49,63.57667779625955
54.53787740394231,9.065168848613087,3,Shoe,739.78,924.25,743.3,119.64405934423394
48.09426272525896,4.877734303970149,2,Purse,481.37,690.15,823.83,83.33840285304998
51.415202257254144,9.555930283486,3,Belt,19.12,670.47,130.14,119.95671424165616
49.018030361164875,5.705641235371981,9,Shoe,986.4,859.17,174.39,93.90751900876874
49.84762699031025,4.117451831049802,10,Purse,993.8,91.16,780.63,84.16978980765887
40.38994001178575,5.271174359750734,1,Purse,550.8,660.18,490.21,77.8381605300409
47.93423211780424,1.7419435193745747,8,Shoe,765.92,18.89,943.45,64.52783675342627
48.70124298256252,1.4347791595678347,8,Purse,577.67,261.67,531.17,63.14469709953736
45.1058187229453,0.6845743024325188,8,Purse,26.32,247.67,704.17,54.29783883997293
51.83449792948962,5.323939261734138,7,Shoe,450.65,346.62,343.67,92.95207276162859
46.61540655699767,8.163263794621125,7,Belt,227.46,224.54,437.22,107.60825311934553
52.52045920261121,7.801286381108158,6,Shoe,816.25,122.58,85.77,110.42946387036831
52.928862921483436,0.5274204250969563,6,Belt,483.19,284.65,751.32,59.920805897162126
45.75418992097788,9.846056488396087,5,Purse,934.18,797.9,483.15,117.42658533975049
63.561547451018576,8.640562766014007,5,Shoe,130.94,78.11,204.97,126.79548681311663
54.83449198872815,1.6570999387149539,2,Shoe,41.11,41.43,62.81,67.53419155973282
55.6734551844123,3.5495724540445104,4,Shoe,535.74,531.9,664.12,82.72046236272386
51.61687246538232,1.8957589517504885,7,Belt,707.15,789.7,215.32,68.73718512763574
43.810369972122416,6.424667166331439,3,Purse,260.4,332.37,62.74,90.43304013644249
54.04963919941771,0.7991233350204865,2,Shoe,678.61,452.86,322.51,60.74350254456112
48.80509441137347,8.139119482130866,1,Belt,854.11,58.65,629.1,106.32893078628952
54.684758229176715,0.7742409296815354,6,Belt,265.94,104.56,895.84,63.40444473694746
51.534795746519656,5.774868129494968,6,Shoe,605.56,286.34,774.89,95.25887265298444
50.02109326541836,2.4102853951613437,3,Shoe,770.28,55.6,515.52,68.54309103154776
59.632303416203285,6.32591704556627,5,Shoe,311.18,221.76,581.8,106.66372273516717
46.761811282862354,0.9063300784341679,10,Belt,53.28,893.7,338.91,58.60612183190153
44.73961240830579,1.0167051706663388,9,Purse,372.62,177.41,789.92,56.80654860297016
49.10718216128958,3.2135480295133187,9,Shoe,853.69,197.1,710.39,76.55201836788281
58.893227070892785,6.122330915362992,2,Shoe,590.3,999.79,804.29,102.84954347843373
55.57257365665603,6.536650082030201,2,Belt,556.87,375.27,344.65,102.42912423086744
50.84920819513029,9.801478314220914,1,Belt,452.0,37.55,255.96,120.00955639467668
54.88413525891798,8.035772506811059,6,Shoe,880.58,971.35,277.9,114.43454280659539
46.86488124943064,0.8154995791112565,1,Shoe,684.41,755.31,320.1,53.12337830320943
52.09192219663649,2.7812999107743335,5,Shoe,326.53,36.13,695.6,74.31102157205683
57.56335394465675,4.577090676979148,4,Purse,149.49,591.77,470.49,91.80298868351079
44.07973704097301,5.071251741278876,7,Shoe,497.97,965.72,200.65,83.42849922992514
57.33750195686653,5.901611190978262,7,Belt,899.54,238.37,317.71,102.49878029371436
53.508670779836066,6.543793694487343,10,Belt,964.9,697.13,855.57,104.81522664124748
58.73472552069376,8.991391593645005,5,Shoe,740.89,168.21,316.8,124.4244666762088
54.90686071039548,0.9641173259324434,8,Belt,433.86,66.24,188.1,66.05568199192258
58.721731549356164,1.7867800429947,6,Shoe,684.7,528.36,531.61,74.52919185031907
52.59592589118632,8.307134929614726,10,Belt,476.22,219.65,13.33,116.2458703984894
48.70716453665627,0.7741131687681966,4,Purse,635.85,897.8,726.8,56.32595671803365
44.31065630834756,2.60988021914841,9,Belt,316.19,17.2,774.67,67.52981784238644
54.31408525158928,2.1734880604236966,10,Belt,736.54,103.1,342.99,75.02850167455516
47.06942413624229,6.145846639970386,1,Shoe,53.62,425.71,983.4,90.64035061603498
53.2831649228858,5.584407204730363,7,Shoe,829.46,577.52,941.17,96.22401535599835
44.61008803677382,2.4840716738958926,10,Belt,840.54,475.4,843.34,67.49858975404507
50.52389790916272,5.83610961072569,4,Belt,536.65,334.11,449.86,93.57666518424254
49.64939677925999,3.207354493379716,3,Purse,789.64,583.7,380.11,73.75087823291801
39.60274362158066,7.753993965621456,9,Belt,194.18,824.99,875.74,98.83070138093085
36.57053220628222,8.975737535521295,9,Belt,606.31,177.86,406.82,104.35069495493128
49.124308984820864,3.6809038348740213,5,Belt,550.8,517.33,81.53,77.64063582893901
45.6256598051731,7.558167169948598,1,Purse,117.98,151.4,340.67,99.08282999481328
52.66299328503352,1.0207473154628666,10,Shoe,888.73,968.18,869.44,65.30822449327358
51.397849177970706,3.1555487332411567,9,Belt,139.46,294.45,817.68,78.4366903106588
46.88611305816603,2.202296805309932,7,Shoe,660.3,492.4,598.99,66.15219069533555
47.16394451396169,8.731110268236048,4,Shoe,21.52,574.17,694.9,110.48171639161403
49.37266265284735,5.872020537448017,9,Belt,680.79,200.14,716.35,95.42680641498347
51.48139054184246,4.4127818784684365,8,Shoe,718.69,799.1,533.78,86.77086369112152
52.889439698980624,7.003685601242085,9,Belt,684.16,775.52,228.28,106.86523890767522
45.67398861613654,0.8975702520215179,6,Belt,376.27,865.3,317.67,55.25698038028716
48.67161817334192,3.1846004814639057,2,Purse,212.17,456.86,566.49,72.06382154358926
53.64922800524945,6.082274315297256,3,Belt,864.35,916.96,39.68,97.87514821233025
52.191249342263575,2.9264678676939275,7,Belt,863.45,425.84,419.99,76.52652441612106
50.82713815144731,3.4599462726741117,3,Shoe,328.54,23.57,48.27,76.6967620601661
42.91139585095841,1.9659292518111586,8,Purse,265.79,607.58,507.53,61.07290061363651
49.9348526778914,3.7273442909007706,7,Shoe,497.24,347.87,191.83,79.87626271419678
50.09951652143272,6.560359988316116,7,Purse,534.87,503.6,891.53,99.87203643964553
51.24902635484569,8.061972640118633,8,Belt,645.19,474.99,103.53,112.08283483567612
42.641979110259186,1.570441236262356,4,Shoe,34.77,0.54,960.8,55.83506776409568
51.14378905916503,3.3356548733418308,5,Shoe,825.63,759.68,390.73,77.24337317255785
47.95291795713418,2.022892863702256,3,Purse,764.6,785.75,920.86,63.76316800304998
59.51415778560769,10.006514444394405,8,Belt,430.7,666.25,799.4,133.95975889636853
41.09025638205047,10.579828800232251,8,Shoe,231.83,981.73,450.88,119.54905798367624
49.47419809054136,0.6853745790229403,8,Belt,413.2,904.45,683.97,58.671820143701936
50.38224630709029,8.230567700785935,1,Belt,458.79,286.5,276.82,108.54622021259183
53.352955742478926,5.835730377610914,3,Belt,487.71,286.87,768.55,95.85306838575534
49.082560970205044,6.413553965741604,6,Shoe,991.63,924.49,637.77,97.27743873039627
47.449747249674594,7.836222552298877,10,Shoe,603.74,735.86,715.92,107.80330511576673
49.19828816735688,7.432095782739852,6,Purse,675.87,692.9,106.3,104.52295864653584
48.78313968720062,4.961676581570708,4,Shoe,163.95,944.91,32.3,85.71487575819557
47.780410911605536,0.6747808490018891,1,Purse,88.3,108.49,444.44,53.05387685461876
51.090467655571906,10.429973486815088,4,Belt,303.39,194.2,754.22,126.30028206327752
56.62826620560276,2.0779081054881514,2,Shoe,533.14,833.59,671.13,72.27362294401982
54.63998550983504,4.841401322810503,1,Belt,820.38,112.4,686.82,89.07979476950855
45.59069954631535,5.650415424997124,5,Belt,554.19,375.82,289.41,87.89360752129522
54.204318235298814,5.308854996419088,9,Shoe,12.96,520.91,991.51,96.31630321023243
55.363085682850276,3.7177146982954046,9,Belt,77.29,987.36,968.15,86.33708857091811
51.97337666267476,6.988665282045449,5,Purse,184.21,162.24,744.94,103.6440336369929
55.65407523503947,8.940218551134857,1,Belt,641.5,387.74,174.96,118.78560509298346
51.97065809325518,1.1272869702826978,5,Belt,266.32,230.7,705.75,62.611666885234065
46.187983838323575,9.66971743420163,7,Belt,944.18,426.49,216.14,117.72600587773498
47.4472570214497,8.049311637893327,9,Purse,603.55,368.31,556.48,108.742438486703
50.27082890152827,7.331984375806203,5,Purse,465.15,164.77,132.31,104.3447195321717
44.93235150622184,10.644483909392328,7,Shoe,671.88,613.87,613.76,123.29373887196812
57.45924289090266,5.987732393987032,9,Purse,133.96,912.98,410.95,104.32336964881189
49.82362473607773,3.1142109979708352,8,Belt,402.9,857.11,724.23,76.02310172187359
55.46479136154217,2.963451783958386,4,Shoe,948.89,938.98,227.18,78.40895384925086
51.69721577619809,4.037725781342804,5,Purse,91.93,474.31,379.63,82.71129624559772
45.99773359369548,7.18558371653903,3,Shoe,485.8,304.31,571.3,97.94681960946869
58.39064933109109,7.312246941509635,3,Purse,794.52,529.2,813.57,111.22637792165854
55.77299545015645,7.40524474157407,8,Belt,953.28,883.63,393.39,112.00970864117494
51.29084288100978,1.6268388018793398,2,Shoe,160.98,39.57,301.52,63.778714494165165
49.597160627840466,9.045888147479669,5,Shoe,632.16,136.6,508.6,115.66837766019815
47.87644757814927,9.432195703646588,6,Belt,211.46,19.24,444.86,117.20181750367539
44.487854612295635,4.270438926724517,1,Shoe,716.39,194.93,573.6,74.93092709936725
51.82743784527653,8.782929927211118,2,Belt,548.57,728.77,633.83,114.40794733575436
49.113454325846035,10.332890386242282,2,Purse,322.34,294.23,472.82,122.543687029542
47.85744811301156,3.5173316576078717,3,Purse,30.49,400.32,541.4,74.12876971626666
54.25751010007044,4.560536729548311,5,Purse,347.46,68.59,71.12,88.93126720690861
50.58906915166205,9.48716838850113,2,Purse,705.24,71.98,252.69,118.09924787116995
44.18604624823087,9.960516115287835,5,Purse,907.36,455.23,70.92,116.65965905524573
49.327203493716326,10.356470623849077,2,Belt,672.87,12.96,668.23,122.92249786065986
47.005858041200646,4.037537477200052,8,Shoe,938.44,322.88,379.99,79.66862038160102
42.79222211316136,7.869166270091792,9,Belt,184.95,152.53,276.97,102.8263860038039
47.90824877148049,1.8541909733808537,5,Purse,22.16,311.6,980.28,63.63758558514646
47.500637394455865,3.3691569785631543,2,Shoe,550.4,838.1,92.86,72.18473624439794
40.40846690965445,2.29368363904731,9,Shoe,873.84,475.39,696.67,61.41425238298562
55.78277707809627,1.6288790110976676,3,Shoe,774.43,60.43,88.41,68.83493015577994
51.32500448618039,3.375349373011637,3,Shoe,951.86,991.26,567.6,76.60245009726185
55.934580594251784,4.770079334715816,8,Purse,81.79,823.48,508.9,93.72513593726251
51.45341552559499,5.668955529355989,6,Shoe,702.18,525.12,878.69,94.4361042310869
48.33941082789056,5.99619685665212,2,Purse,239.86,904.42,752.24,91.41278882445539
51.76395598715425,6.186776883507574,5,Purse,189.55,836.21,265.22,97.82139417170725
48.14808370233339,9.57260716167869,3,Belt,811.43,159.77,790.56,116.80633383408423
42.59570716480499,1.461538197121703,7,Shoe,517.51,818.96,678.84,56.67647454465691
51.20400619596151,10.758701502293212,10,Purse,9.64,363.3,906.78,132.01491671201399
52.92591253082539,3.8156915750993683,10,Purse,593.4,161.16,195.76,85.13575355652097
49.50723704959355,2.1134750499924735,8,Shoe,53.41,546.89,413.44,68.70156239954088
54.21600927467927,4.585793379078852,2,Belt,429.4,989.3,823.94,87.41656292823123
51.68955826478649,9.478420398920235,4,Belt,779.64,659.88,949.28,120.23850105722813
51.06000969907853,5.134996657218998,5,Purse,731.29,604.47,392.85,89.75498629961152
46.09885682154575,10.490180609438116,7,Belt,414.78,512.73,441.94,123.38012108761257
59.73107148725722,5.865583181163127,3,Shoe,516.8,405.97,739.4,102.44015375539911
61.60213276013621,8.020465427204686,5,Belt,559.73,48.8,320.7,120.49539075056902
53.33356685161135,1.0614782013746304,5,Belt,66.96,50.57,119.26,63.513914261233765
48.92277114559382,0.9527445150578794,3,Shoe,550.16,565.92,409.95,57.24198275099898
48.36293401294652,5.370828180415368,5,Belt,196.6,532.91,494.2,88.70873127585409
46.19816975980478,9.14979337023096,2,Shoe,820.36,474.92,901.3,111.3467233514215
50.09582651039022,1.0554638771048046,3,Belt,83.28,978.21,469.44,59.134073650123845
42.11692129328976,2.713475029896169,1,Belt,858.35,703.37,132.93,61.66124650256293
56.120413999171326,10.903265443304583,1,Belt,638.44,635.51,771.12,132.99327210230342
45.4645004390985,10.30821552100688,3,Purse,232.19,827.7,191.41,119.27200908614667
39.544673253466,9.272598752805795,9,Shoe,629.58,576.34,404.93,109.40286452310657
58.14370738292352,7.845815881404437,2,Shoe,352.19,931.66,726.64,114.16441855275458
45.38837795608527,2.6006256421181777,10,Purse,854.12,665.78,492.7,69.09275745091252
58.002185632408896,3.7615948218812885,2,Shoe,241.78,331.58,978.75,85.43334938557791
51.38627710915513,4.373691333909709,9,Shoe,253.45,194.16,113.5,86.95211644652309
42.826015203800274,5.789031250295133,8,Belt,447.2,392.52,153.32,87.7492339558662
47.46394427202785,8.61657008340792,4,Purse,759.65,255.4,585.7,109.97993485588329
54.8155228666977,9.775923403888067,3,Shoe,956.16,996.86,957.25,124.89698669391416
44.37993452515657,4.650666862716208,5,Shoe,696.0,789.72,210.49,79.68460256417004
47.922874871981136,8.534879533006613,7,Belt,439.34,604.8,206.6,111.51703160302742
46.7568190584388,8.557160296358827,4,Purse,853.38,431.13,571.82,108.85694113295058
47.86840288785492,7.39801564909845,9,Purse,556.7,492.33,179.21,104.60451243154408
46.165453089464926,4.076944706848477,3,Belt,444.69,361.15,375.14,76.35406603740427
48.503460289585774,7.1519466841819614,7,Purse,426.6,59.3,783.7,102.4170870788595
49.698050699322955,4.315059055213986,3,Purse,346.15,316.15,283.91,81.55346408582086
50.005544733160754,9.791476096875957,10,Purse,63.18,42.29,460.48,124.04587741129245
46.744751391719824,10.278403862284545,10,Belt,216.12,819.27,634.49,124.19357842771163
51.944255892078765,8.821428161240906,4,Purse,356.78,779.3,657.7,115.8942530207651
42.976155339040766,4.0275889309401185,6,Belt,191.72,578.4,774.96,74.4692778556216
56.80999924818192,9.108861425626596,6,Belt,802.61,976.73,668.75,123.87202922756809
61.58111239760517,1.8952778552816185,2,Purse,333.86,193.31,869.2,75.94805738457649
45.943731199788914,9.078212225114042,1,Shoe,517.4,936.25,744.39,110.0412167755872
56.145012972819245,6.640483736724835,1,Belt,202.23,496.4,713.16,103.1783991298931
42.88058906553301,1.6848494460176382,10,Purse,166.8,310.39,820.29,60.174535187656474
43.976339623256976,8.591597824778765,10,Belt,124.12,415.28,593.64,109.61752439670832
55.43188039558831,3.452575293978,3,Shoe,533.93,811.27,517.23,81.24990745343432
47.62810777813288,10.818154720456693,10,Purse,538.3,269.56,134.63,128.85519082132973
41.39634414476923,9.85012606590066,8,Shoe,650.39,735.93,976.66,114.74722660607385
46.02339574281096,1.5747633895623978,1,Belt,359.8,881.46,981.1,57.596739469747746
49.631205067213,2.778723989482443,5,Purse,636.79,63.21,265.3,71.8322729935901
50.73871951059861,1.8562214066603204,3,Purse,954.36,587.7,605.6,65.38226935722085
50.60711367572907,2.028480397449208,4,Belt,312.71,793.15,98.14,67.00647645787352
51.55910000705225,2.317467850012972,10,Shoe,673.19,834.62,578.66,73.28137495714306
45.904430204390955,10.022538113593207,4,Belt,543.5,915.2,22.2,118.2621969995434
51.97234727242521,6.300986412946062,4,Shoe,723.5,46.55,699.94,98.27925216304764
55.05181716313594,2.1639367904969773,2,Belt,415.33,770.18,588.75,71.29937469661478
29.662759535333038,5.185225688444451,7,Belt,299.99,628.3,942.3,69.80933935444419
52.50954425710717,9.222374447245135,7,Shoe,688.29,116.2,342.75,120.91616538782313
49.94333840351314,10.879524401950027,1,Belt,511.82,430.68,137.77,126.65000921716333
45.85748904815863,9.531902222756075,3,Shoe,26.4,84.94,399.88,114.23080460745116
55.263319489800054,10.507823733138974,5,Shoe,896.69,230.51,304.94,131.56808562177287
49.013729105178506,6.553838534157755,9,Purse,777.12,817.69,309.91,99.8405988442828
55.6126726831255,2.5875555740236527,2,Belt,919.76,497.85,707.3,74.82556170129106
54.400151782388754,1.7314539743532327,7,Belt,544.85,848.29,450.29,70.37032960286137
46.12002641376555,7.8251180839532575,2,Belt,971.18,86.91,139.1,101.99585300143835
53.20911349953959,3.1292371142240984,9,Shoe,742.76,288.76,30.1,80.06377329910829
59.406668496312015,2.1386930282541274,5,Shoe,577.68,510.94,928.27,77.1275196940909
54.169826660793824,6.330242212808114,8,Purse,605.29,125.67,651.38,102.88152215045062
44.50653394222192,1.3982640367077723,4,Purse,528.47,180.17,332.65,56.49438219917633
52.42804026061653,4.903390813014009,7,Shoe,49.69,886.58,942.54,90.60177595171459
50.1630484936804,2.4369967566839588,5,Shoe,795.69,787.19,826.85,69.97202579046811
56.95388206760172,10.352350592940436,5,Shoe,565.1,86.36,772.9,132.17033621818476
49.595531070964206,8.892351684354125,5,Purse,180.53,664.32,456.18,114.59199286144309
49.200543570470316,7.312037293690716,4,Purse,945.43,641.1,232.5,102.58480462630534
41.9043065818928,10.547937824677609,9,Shoe,44.98,484.6,460.27,120.68987135463607
56.02953349318791,2.3934930107261296,3,Shoe,525.2,197.26,836.56,74.43398456827083
55.28229759097391,3.530490675531823,1,Shoe,113.24,852.33,342.87,80.54573231969667
52.69223139790033,4.584888118672714,4,Shoe,627.52,917.86,411.75,86.98644822860932
46.83972370686426,10.00308395586274,5,Belt,648.1,808.82,732.6,119.61131139790345
56.901193485177984,1.515373772248805,10,Purse,43.45,330.0,260.66,73.00880989091962
54.318789445399,10.640901302081863,2,Shoe,803.18,356.34,689.73,129.90509855997203
55.12777437949408,1.1859356914307295,8,Shoe,28.93,332.11,314.6,67.82932421950919
49.02829587908411,9.879643006977705,9,Belt,78.6,379.25,399.92,123.13579692792806
48.16964311659965,7.037133012706887,3,Purse,168.63,23.24,321.12,99.07957420554786
57.51496427111164,3.288605155612789,10,Purse,386.1,606.63,268.38,86.03520036040116
46.51271137962916,2.2152147476542643,6,Purse,356.38,275.74,774.75,65.31921461320901
48.96699812486622,10.094607267909765,4,Purse,975.34,343.28,968.82,121.82924900023458
62.408856842074755,3.6373899877562534,5,Belt,437.12,37.93,154.98,90.62058675636852
46.32046520770164,2.98036193785245,4,Belt,693.95,732.38,762.69,69.38299877266878
60.56558720467916,2.131278796261028,3,Shoe,870.74,836.14,362.76,77.13453877850637
47.352585630103135,1.6555721131922736,8,Purse,193.95,954.62,987.98,63.34159042244905
49.56807975654514,7.580382151845508,10,Belt,369.47,557.44,810.6,108.1307548194637
51.61203389871793,4.6193940507176885,1,Shoe,179.2,907.37,421.62,84.49779225374175
43.45236858231067,1.9692555833868988,3,Belt,542.31,128.95,239.11,58.88715766601896
46.305527527094235,11.056366131729625,8,Purse,282.85,806.87,803.29,128.10009044920162
47.27911273072279,6.752148864373562,8,Purse,887.98,618.54,187.2,98.94415478133773
45.6899732953466,10.225268700618422,9,Belt,579.31,830.62,737.71,122.21685419967555
48.6573702772496,9.540031786930474,2,Shoe,895.69,699.63,928.28,116.53759278576291
60.041468231174065,2.3339879582636076,4,Belt,160.91,94.88,273.17,78.57938393901932
53.67063781660378,5.683282930237873,8,Purse,589.33,684.8,588.87,97.8536183282689
41.016281836343786,8.909911489322067,10,Shoe,719.1,527.21,883.13,108.88566226159824
48.998526576739415,9.43195086697426,7,Belt,183.74,994.9,78.4,118.87218264555923
52.43289289100794,6.25387738411364,9,Shoe,603.3,661.79,154.75,101.16003457980342
60.747548878894214,6.026668296083741,3,Belt,885.5,928.85,725.1,104.58422695148042
52.657076870844946,7.5669036226861275,7,Purse,323.6,175.9,333.82,109.47540222964784
51.79688314813757,7.914204485241255,7,Belt,765.12,934.94,140.1,111.04631454482634
55.212567858805826,2.8255013823044353,4,Shoe,858.46,687.47,32.66,77.19107753493688
49.80366007571743,4.855042432858204,2,Shoe,992.26,601.83,367.69,84.88895710572484
61.82292822906355,10.551549423661807,4,Shoe,22.29,98.99,155.94,137.88377419469617
48.461843125727526,8.700918014760155,10,Shoe,90.67,317.46,320.65,114.86826922904862
53.12121233006812,6.096370934030155,3,Belt,797.82,146.58,693.56,97.44580886827922
50.6470910221803,9.404091210999367,8,Belt,204.17,170.31,127.21,120.87572949917586
47.3562692115869,7.745854839319132,6,Belt,708.76,317.26,320.8,104.87725308682083
56.375436411221905,6.347951244324679,8,Shoe,272.64,602.8,849.13,105.21109512149467
40.39430304863585,5.3016181776789315,6,Shoe,934.23,759.5,327.98,80.80563029238836
47.222168820605845,1.4490130945169122,6,Belt,720.16,674.83,957.36,60.66526048222423
35.852444522415894,7.0153863419734535,9,Purse,960.81,961.3,475.69,89.91014891623007
48.262736900828536,10.708131064731347,8,Purse,717.7,66.17,649.41,127.61965435394796
51.88302084784273,4.4398466289135206,5,Belt,142.48,636.22,42.83,85.71194725023737
47.56900205556343,6.049829751958309,6,Belt,700.8,922.68,902.88,93.21781031927159
45.44326659459949,2.6927706558136526,5,Shoe,492.4,438.13,547.58,67.04266118529506
49.75522578356303,3.8204450347157692,10,Belt,478.23,845.76,562.51,81.99834102657341
51.71970891183738,3.517186965075013,7,Purse,2.64,877.67,331.13,80.19001766736247
50.946621802214004,4.572126101473795,8,Purse,998.48,20.19,894.72,87.35150451253057
59.903866187882734,9.286795932879025,3,Belt,202.37,713.21,723.5,126.5614377180359
47.101527000580234,9.692473162740765,4,Belt,953.79,19.81,344.26,117.14883913976558
52.990534974945945,5.319338628943076,8,Belt,836.83,901.1,570.15,94.62590537754748
38.06773659141803,4.648124313942855,5,Purse,326.65,193.27,887.57,73.35460678901802
52.68449096577446,4.420585245659787,3,Purse,969.2,274.11,316.47,85.27858768539298
49.945290963927434,4.68640564034294,5,Shoe,246.28,372.76,816.74,85.50013044632801
53.62400167741726,9.295595115576631,3,Belt,628.0,287.69,994.87,120.3431674864537
55.74635807772885,3.051122054544701,2,Purse,175.47,725.42,772.14,78.20421245954175
39.86653195393004,9.40502743578176,1,Purse,790.81,307.9,366.41,106.25172400440236
41.48060754168998,7.981386982061265,5,Shoe,508.41,95.26,358.9,100.10031641611883
44.05011809125925,2.964011358295897,10,Shoe,636.26,466.38,158.29,70.29819759933054
48.50959402526512,3.6147724521098312,7,Shoe,836.42,628.46,494.2,77.66300119003394
53.001799235862,4.613086764220692,2,Purse,439.6,728.23,560.81,86.39340658540684
56.260241578663994,10.456172823561733,9,Belt,155.97,107.43,513.58,134.40345134359612
55.33892007048298,10.590346902173906,5,Belt,731.39,892.87,652.63,132.2213483857003
54.23079975056211,4.223818578862241,10,Shoe,383.33,660.1,399.23,89.29752980259781
52.80339849605716,6.964830793317898,8,Shoe,59.74,848.36,758.3,105.95721404928244
58.54839614258053,2.4378942616145363,5,Shoe,30.2,40.73,636.23,78.36365597388229
54.33139669157542,4.8296099219999435,4,Belt,85.6,674.92,305.39,90.33866614557503
43.781919476495005,10.852127236828624,8,Purse,787.8,727.67,409.72,124.14681013429538
58.06854001426449,11.311221684394239,9,Purse,78.43,442.65,440.9,142.19709180502414
63.06285892605331,1.9049360137538647,8,Shoe,731.49,712.5,777.74,80.79741102233037
55.90438972974751,7.300991229797911,3,Belt,23.84,39.63,529.36,108.6613283383329
58.197403567133854,7.881926693148927,2,Shoe,756.11,711.58,758.12,114.47089041917633
39.82052157599929,6.902708462334663,7,Purse,353.12,155.11,245.13,91.98948081234192
46.41520253980449,9.312173278270583,8,Belt,157.67,313.45,253.46,116.00041548769858
56.07815041517844,8.83667702580509,3,Purse,367.49,97.73,771.0,119.58488959581408
48.638539431042126,3.893989954635278,8,Belt,23.42,703.79,946.39,80.29646911348908
51.92751870926485,10.855568925352937,5,Purse,250.39,579.5,26.27,130.66650118673542
53.71176593875817,9.132548911014775,8,Belt,132.58,978.3,496.8,122.0396083158616
55.3690056701684,4.2692444138704495,9,Shoe,368.9,968.8,737.2,90.20371656726155
53.54581983443726,2.998544645661995,9,Shoe,479.64,72.56,161.5,79.48563235407123
59.0617685437943,9.381367943155704,4,Shoe,634.44,667.8,543.1,126.93134414588422
48.69121539402567,1.6311078673578248,3,Shoe,857.24,854.85,819.61,61.75897046553044
55.227321215888104,2.0761120902636394,4,Shoe,876.52,324.58,177.23,71.96010584773359
48.05301298585479,8.0244690657836,3,Shoe,949.5,191.12,212.99,105.87429644634
44.342545589578194,3.633991250382597,8,Belt,939.18,8.36,245.75,74.18048434225638
49.91906925835801,11.111799548085715,8,Purse,608.23,751.28,129.43,132.101666094958
53.27589750213535,10.626018150094744,7,Belt,698.76,757.76,579.5,131.50802455279856
48.91176983673582,6.425167758793315,9,Purse,542.56,863.58,523.18,98.83794414828903
55.791929267140475,8.993649605853026,7,Shoe,352.42,852.34,705.53,122.59747650811165
53.235613697277984,9.793159051226338,7,Purse,927.1,938.58,457.32,125.63772705586234
54.90154291093769,6.971043339481854,7,Belt,348.99,885.69,519.64,107.54884628731067
53.48021852173026,5.545869010492841,9,Purse,369.67,139.1,154.17,97.25130159518015
57.517374945361404,1.6165312327126193,10,Shoe,994.65,442.61,83.66,74.33309357434973
57.2996083311077,2.634983345738793,7,Shoe,848.99,13.76,708.88,79.59449175127924
54.09546540626264,8.326803494593488,8,Purse,997.45,644.82,842.33,116.78308986841705
46.736391374777384,3.98096759436261,5,Purse,936.88,355.99,389.7,77.35316453531566
54.812819637568786,8.606286143063972,1,Belt,942.14,421.71,739.53,115.60682263901658
40.14650814539713,1.6248305412472934,6,Belt,445.69,19.2,602.51,54.82032193412818
46.02172614021949,3.173920474648338,8,Shoe,211.61,384.68,945.95,72.63916946275786
47.241611308645204,6.024353201739013,6,Belt,380.37,190.3,881.46,92.71208372081828
57.131785227455794,2.0978660900105206,4,Purse,554.5,870.48,124.48,74.01684785752944
42.721925092814054,5.610569243937939,2,Shoe,127.93,501.15,178.43,83.09590980037962
49.42623346489896,10.913951274092598,8,Purse,523.4,537.7,953.64,130.22389238354714
55.40619713054409,5.261095772680902,5,Belt,609.28,479.81,95.17,94.98386753931041
53.52809600975353,3.5843515895372207,4,Purse,875.17,766.68,841.52,80.81855713651409
49.228126235468665,9.707358798311772,7,Purse,294.74,181.29,707.23,121.02963782365106
44.26370963668824,7.807168534144742,2,Purse,995.93,489.12,73.24,100.01388937570142
61.59710172870547,5.078863326761548,4,Belt,716.84,205.87,65.13,99.3491450160363
52.091422432628974,6.856372475569224,9,Shoe,488.44,963.2,242.56,105.03602976161355
52.71688023209054,10.681649415136196,5,Belt,284.32,738.65,23.23,130.2384261380439
41.62344999303675,7.209203380456066,6,Belt,524.45,542.36,451.53,95.38787365622922
53.47429527921417,2.9254453203430337,3,Shoe,811.19,48.11,612.8,75.6024125216154
51.65762478253425,6.128752580663096,9,Shoe,833.85,907.48,64.96,99.50889284717591
50.25412681733239,11.315781606599616,10,Shoe,337.43,472.3,376.11,134.9645980635297
39.89279461658894,8.593035644648472,9,Belt,65.43,563.96,357.21,104.99404412912824
45.658698304934866,8.596653352739343,8,Belt,521.99,566.43,932.61,110.23527177411027
43.98512063783678,5.786648803057092,5,Belt,253.36,615.39,884.76,87.24166225923642
47.23518413326866,7.796201448063291,3,Shoe,342.6,735.1,116.2,103.45859426971171
45.889422510255336,10.723728335899855,5,Belt,230.65,130.18,601.39,123.70552086155433
45.30240733343775,10.975404876734967,9,Purse,347.6,949.97,967.88,127.08024147058252
49.91083731966603,9.329855018548216,6,Shoe,410.26,383.43,93.62,118.51982244950354
54.13678476777229,5.096111778668756,1,Shoe,612.62,427.91,677.99,90.35956721845358
47.66124982592973,9.356107503669193,1,Purse,232.48,989.46,723.84,113.70400235161408
51.309752127311526,9.59718120976772,4,Purse,185.95,396.87,961.52,120.69002059568557
42.7097050189322,11.641448051082392,1,Belt,511.57,162.42,609.47,124.74984137650894
45.26152493210124,6.978434790312646,6,Belt,882.26,740.84,227.24,97.41056846428975
55.638309551651844,5.182815947645099,8,Belt,345.89,819.6,225.23,96.31802118516754
42.46808426281305,2.843097368811771,1,Shoe,162.15,97.8,444.54,62.919765844495444
46.34164847572609,11.116173388979458,7,Shoe,817.3,726.5,534.87,128.0048621985823
49.885282252748446,2.2295749073828004,9,Belt,504.28,578.68,808.41,70.44230660442805
58.0604536396622,11.417770799957111,3,Shoe,542.45,867.97,937.41,139.63484923936198
44.608471251458106,6.051040188207464,3,Belt,52.45,548.46,890.9,88.61575256891035
46.885915226932205,8.785596985991287,1,Shoe,478.62,793.19,806.75,108.9350941288712
49.58540118843432,11.702481048209574,8,Purse,296.66,959.85,474.87,135.90276852590134
52.63853672325623,2.011072418551035,1,Shoe,330.1,187.5,279.18,67.26604365311347
53.706420547565486,10.883918167459035,7,Belt,264.19,848.77,217.81,133.74384771977873
52.38171844598738,7.476166150853438,3,Shoe,146.6,620.54,229.52,106.36488150196146
50.83618335547243,4.742964273406005,6,Shoe,526.1,845.84,397.16,87.33693326931446
47.26470274311027,2.6285431106782937,4,Belt,262.89,816.58,202.39,67.86450451785832
45.319163542178124,11.175027980513796,6,Belt,625.12,250.23,278.98,126.84435940577471
54.41739667499848,5.186736628341394,6,Belt,384.75,752.75,111.16,94.02455307338823
53.95678890234344,2.927769524859689,3,Purse,334.91,414.9,249.35,76.10117557636127
46.99887730725901,4.828123629764031,6,Shoe,280.9,529.96,0.87,84.09574271560722
47.866712433908,10.700215054246366,2,Purse,766.14,947.6,421.72,123.86821781363255
55.98741948115766,10.18490927205183,4,Belt,25.28,138.55,342.33,129.48178438552046
57.74463137862647,11.366128295322598,2,Belt,943.34,31.17,444.56,138.40752944588465
45.604143454945444,4.685783035467082,1,Belt,545.7,882.98,578.84,78.95462470321502
60.4065153739463,8.806837945735131,10,Belt,870.19,287.89,629.3,127.55438099409221
47.81002561975309,10.362546088475627,2,Belt,960.7,554.19,454.82,121.44784823908248
50.07901822005704,9.665486963443847,10,Belt,837.51,928.86,398.32,123.23742696416397
42.22703118820929,7.55055646636856,5,Shoe,499.94,788.67,757.81,97.83092645278921
51.61987090512984,6.002298935707425,9,Belt,433.24,619.85,617.6,98.58596345508182
45.21611449293273,11.111830445381223,3,Shoe,614.45,100.64,442.5,124.64892761060129
50.30583700548684,4.72448948953752,1,Belt,818.52,152.71,209.68,83.92726343224949
48.59574358505271,5.154516125538888,7,Shoe,374.9,488.93,33.4,88.52735646382492
52.03562955204284,7.504068304814037,10,Belt,126.46,623.27,10.94,110.0641076857411
54.77453145217237,11.156974085710656,2,Shoe,78.62,732.85,518.46,133.97335005214697
54.92600786807104,8.497989600900157,7,Shoe,273.96,797.35,308.91,118.26193507437213
43.659789957567114,3.214689260120471,7,Shoe,848.69,65.49,706.19,70.01261477841041
55.34901316719177,8.450055455672425,8,Purse,131.42,76.29,972.79,118.89940135689875
47.12172095596902,11.62125227233148,10,Purse,970.48,784.22,569.15,133.9704868622894
41.79334292713145,4.760782824365747,5,Shoe,152.44,812.44,130.1,77.86882269769168
46.66137012081462,6.074161201340817,7,Belt,550.21,216.79,368.19,93.03049853020033
51.674860119618224,7.363072315161241,7,Belt,464.3,493.89,80.71,107.06636632574691
46.8289261875986,6.093758218189657,5,Belt,459.27,43.31,278.14,92.2352337149262
50.52239172090411,9.41978056569015,3,Belt,687.84,578.88,401.45,118.11085568073517
58.322932068245,9.59019876580705,5,Purse,46.31,311.25,869.4,128.20432342889436
53.6144202990608,10.78390937448374,6,Shoe,674.36,160.14,156.37,132.40178592044697
44.62475823049155,10.424907199413823,8,Belt,877.43,483.86,51.1,121.99910862638832
56.12228997195668,9.300983864570568,2,Belt,576.83,467.6,286.88,122.32917702395065
44.96476870236102,5.014976717828967,9,Purse,43.19,443.42,711.34,85.01960572716379
36.818898499846824,10.311746010150616,9,Belt,960.9,594.9,288.79,113.95112057090114
51.17612355832684,4.02692685118791,1,Shoe,120.32,165.54,404.69,79.91461151664221
52.27773778266451,11.130950632711118,2,Shoe,448.25,357.75,914.19,131.29439221164233
45.6695720118725,8.670163171748626,1,Shoe,610.32,573.1,532.71,106.91071421411289
60.35181476507091,9.044954604878853,9,Shoe,550.27,874.44,60.53,128.61649699922287
52.9017558386948,8.461888755168813,5,Purse,518.2,734.17,114.39,114.88497712487649
53.91894679687852,6.897041802630502,5,Shoe,185.49,182.85,166.17,104.94823941529204
50.78345943414985,4.059283622667843,6,Belt,574.1,444.77,555.4,82.49844479282474
49.629434303582514,4.342007819689288,6,Shoe,240.61,160.23,206.72,83.32348904140753
50.037033581238056,7.47376371579677,3,Purse,980.62,330.7,767.89,104.00337959181545
46.269087973475436,8.868899462625286,6,Shoe,863.58,962.25,459.7,111.65138421185243
51.177590046225255,8.122182017229724,8,Belt,460.38,640.72,315.4,112.43286416683333
51.31671790575506,6.3527921895887305,1,Shoe,695.55,361.79,2.58,96.33626323287616
54.399183378849166,11.64282559004215,1,Purse,145.55,253.63,650.3,136.44896250914422
45.13461222063419,3.3178752553084587,10,Belt,544.14,964.8,584.39,73.8597390077934
49.09874456256654,3.8273725559247533,4,Shoe,391.7,425.72,280.37,78.09035245403982
53.72820873436169,2.021396168905111,5,Shoe,87.1,663.55,211.15,70.62798191669746
53.3154852548493,8.773738733224826,8,Belt,468.51,997.35,906.63,119.13165638742309
41.26186675556041,9.202009182694887,4,Purse,102.42,545.5,605.23,107.87593103442462
49.940142426633656,2.8264799297555308,7,Belt,956.42,569.81,230.91,73.57550193492236
46.973004556291265,4.563311926657964,2,Purse,42.15,867.0,312.3,80.01618804289701
46.52616043487238,5.983816798932887,9,Belt,370.77,458.42,719.12,93.3628780274026
48.006155899708865,4.4514242272816595,8,Belt,904.29,371.7,536.67,83.56612549068049
40.70162158527536,3.227744310197366,2,Purse,72.4,713.2,228.62,64.39583175665692
63.09200084006744,2.425583452867011,5,Purse,893.6,341.44,361.1,82.82108501013653
49.769060496904316,9.135711469198956,10,Purse,650.28,480.15,329.25,119.21904078129701
52.70777585726836,3.776093219987012,10,Shoe,850.7,646.71,976.98,84.64042839717744
57.213127723328135,9.347058855217309,7,Shoe,733.32,807.9,596.2,126.4925397098493
49.65166672406256,6.846363027219965,4,Purse,320.5,343.0,552.8,99.77620791460232
47.10264729593356,11.429198408670366,3,Belt,418.79,298.5,987.17,128.75703615662613
51.70981659678321,3.4754064906482864,1,Belt,428.38,8.18,51.31,76.58766203132122
56.39208183223754,4.917702549437598,5,Shoe,91.17,388.72,890.51,93.56599967830073
48.46695511671213,2.542651398017699,2,Purse,650.76,449.11,285.89,67.36551490283601
49.17671266908488,2.7321297261136257,9,Shoe,493.16,991.97,227.15,73.25162075188025
42.93112006687536,3.7520795025961746,4,Shoe,944.8,307.7,399.3,71.39567658504858
45.64005815560046,8.966716760687333,1,Belt,267.15,34.82,609.23,108.95707548041179
55.54411686344889,6.6568320159084875,9,Purse,264.89,80.12,836.39,107.09194097480831
53.11715189576293,9.68048100384781,10,Purse,27.36,727.86,932.43,126.3805189226976
46.25267629715943,9.37491890696572,10,Purse,645.67,739.68,611.75,117.37710864591946
53.871099439535605,8.259972166300937,9,Shoe,789.2,369.78,345.44,116.64090460364217
42.475038124524765,6.638512220485458,3,Shoe,783.37,88.24,710.9,90.59462366792297
45.558681394048655,10.744346726707152,5,Belt,429.7,662.78,409.7,123.51910848099871
54.90544856696671,5.04710688116473,2,Belt,879.8,366.9,607.78,91.33519673511981
47.34646463655194,7.198276610590204,8,Belt,611.84,544.81,605.83,102.13440091068338
51.21298563038377,4.386342382890158,10,Purse,839.0,971.73,559.22,87.41738231061487
51.15203765299096,9.60479152317486,1,Shoe,220.68,826.66,823.35,118.93557831521498
44.98038361991411,9.838335465512728,5,Purse,697.74,60.65,320.45,116.5987318785032
61.43543204254258,7.7664417945658935,1,Belt,756.78,454.31,73.94,116.35052460450383
51.447224415606634,10.090168567368192,6,Shoe,480.5,40.69,757.58,125.37840438718398
60.37305213460581,6.583702938801466,8,Belt,806.36,788.87,184.51,110.85897270621606
44.356208790401254,4.846156120524094,4,Belt,314.45,529.43,666.17,80.47930163406993
53.442350060629884,7.163977455438299,4,Belt,927.16,907.6,533.5,105.79019224869798
46.44347639776322,9.924354517546206,10,Shoe,535.24,838.9,713.82,121.41395802058666
48.804440496805306,8.726886663786857,6,Belt,330.68,715.35,793.2,113.1926471433133
49.21421992658001,7.658965934281497,10,Purse,624.29,102.81,662.74,108.32698146655048
46.44157964406186,3.152502007106601,7,Purse,325.43,434.19,231.18,72.35909369380806
47.49742790268896,2.6613595170615465,1,Purse,892.4,521.4,837.55,66.67694452211978
56.36132561571063,4.636454378343332,8,Purse,389.54,398.45,616.97,93.21650626411397
59.799325915513755,8.982585701543837,10,Purse,580.84,617.81,611.61,128.17742582632061
51.95166756319756,11.227055584457386,5,Shoe,461.15,205.69,313.21,133.29105665439926
47.97273446338309,11.847744675948102,4,Purse,234.49,375.26,293.65,133.10694719501979
52.45461130825316,6.999208382786168,5,Purse,474.62,811.51,292.97,104.19906998775635
58.16385138693789,7.727810846762242,9,Purse,675.25,480.67,245.64,117.2085273142736
48.86928336550017,4.743937566994732,9,Purse,698.41,817.93,213.8,87.0268463344633
46.918267666584505,5.621666399824909,10,Shoe,723.34,172.66,638.19,91.76993246535886
49.76566880625948,10.494076267511304,7,Belt,119.9,825.9,436.59,127.07420267883859
56.256082279191375,9.333205297537845,1,Purse,304.15,969.13,116.43,122.13851936195628
52.58707272062371,7.528768695562533,1,Belt,994.69,162.89,557.92,105.83845358956144
46.9587490917985,10.031132861591026,8,Purse,109.47,597.68,292.7,121.57667912293567
49.92161450093186,7.018741799616761,9,Purse,845.2,396.61,573.37,104.00280709824919
55.15944362535765,7.6082862551514285,8,Purse,475.32,479.97,952.85,112.81744741141766
49.96865893409533,10.914043417794874,4,Shoe,462.5,391.28,35.55,128.56696285865945
47.47073633369465,9.71157544665008,5,Shoe,332.9,764.74,219.13,118.20176446024522
50.41275994173556,5.479498887982022,8,Belt,597.66,523.52,368.82,93.16925215760972
50.61550617355009,11.012381776355076,3,Shoe,155.58,816.19,90.16,129.35217860803562
44.296701465858035,5.926903487149354,7,Belt,164.11,313.5,581.3,89.63502587590351
51.86221548235188,9.708768794359115,3,Shoe,765.4,481.86,284.93,121.47359704286569
45.06042122593103,2.827928429498316,4,Purse,618.39,718.22,147.64,67.05592023241924
52.47581691613146,4.284333117565216,6,Purse,426.57,987.61,175.32,85.76614873908797
52.08634845443428,9.919806662687616,6,Belt,940.89,544.76,177.39,124.82499509324758
56.03194567032514,11.304295906879645,6,Belt,912.48,270.35,503.29,138.46201701848267
50.09803477918266,4.284350953306945,5,Shoe,495.9,993.88,909.27,82.83849145233128
42.26396451029439,11.212058490173913,6,Purse,552.92,351.77,597.98,124.04837394151177
46.78939990672588,12.227002846370521,1,Shoe,415.68,384.9,359.81,132.92841983131953
51.83784566397859,8.97035856136868,9,Purse,847.4,618.87,497.56,119.58035559355936
52.55540035435113,10.20202683786647,5,Purse,292.71,158.25,555.7,126.71958821941641
42.933457042792085,8.381269530965255,7,Shoe,19.76,285.37,115.1,105.45234375954887
52.550012624433094,4.834498285528875,3,Purse,616.29,401.1,814.37,88.04150062313522
49.212102778834165,10.494511815440116,1,Belt,598.85,377.57,794.62,123.22368548691497
52.42838879522794,10.28386523497944,8,Belt,205.2,955.26,685.4,128.81544544008403
51.92160952122044,9.104279506907991,3,Shoe,134.81,261.76,739.89,117.30156606957638
48.50019466717918,11.237525396485331,2,Shoe,208.89,250.75,63.74,128.2628724425765
48.28252734171508,6.2840189468189305,3,Belt,561.84,915.24,165.68,93.9206599694476
42.789568959151204,3.01209006682579,4,Belt,763.78,58.24,852.94,66.07419942693173
49.7744276484927,3.24981728059074,7,Belt,90.94,152.31,613.3,76.37314861262787
44.89658727708973,10.146247133046934,6,Shoe,13.64,296.24,634.65,119.22031720841828
46.65057589082026,4.226292697957186,9,Purse,990.37,244.5,239.97,81.18462477652056
53.08283959554508,10.18604660824785,1,Shoe,509.99,930.15,224.44,124.93516585328003
49.374938113379805,6.217627201979722,4,Belt,980.2,51.0,176.75,95.09832852723785
49.11107504651243,6.249669494982543,8,Belt,621.86,681.91,708.53,97.25876151139025
52.580409477115246,9.180326436907116,10,Purse,589.44,679.1,828.89,122.34269453546506
53.72464394059748,8.477174195698439,2,Shoe,34.91,233.54,937.82,114.16486331048654
51.96120174612546,10.033518940813202,1,Shoe,599.8,480.94,357.23,122.74583433181787
47.772085382653685,2.976286760625349,5,Purse,138.5,208.48,222.76,71.35609270703112
46.797268275200125,6.818947791041873,1,Belt,337.1,862.48,435.59,95.07990281249324
48.89485248409596,10.155206388425897,9,Purse,990.78,866.41,244.47,124.93129720307725
51.36575942738492,4.786185081101148,8,Belt,380.62,338.88,342.53,89.26905499509297
45.86070259547058,5.29664564588752,4,Shoe,799.44,312.35,843.38,85.13722211668322
48.215110074169935,3.98516535472759,3,Belt,378.79,710.94,297.66,77.76126755726307
49.308666805445384,11.894681507714516,6,Purse,471.69,251.39,775.63,135.871437359447
40.96984611391794,6.64863889602281,4,Belt,603.79,498.14,618.63,89.71031838607762
46.68261607920877,6.474017443618805,6,Shoe,906.39,759.59,363.14,95.3007381845404
49.23928702312504,8.04648602290425,5,Shoe,101.45,436.9,167.25,108.31468918345479
52.618063956097494,10.398116208643106,5,Belt,606.7,465.43,110.42,128.15487741659925
41.4889812543252,5.935026204111326,3,Purse,526.89,521.93,115.78,84.68416468310448
55.64558652378609,6.812931153579216,8,Belt,333.14,694.18,866.98,107.73610459884061
54.56833892897318,8.617014509645475,3,Shoe,407.59,876.65,877.78,116.53744049649151
49.51165375271701,12.210008320450138,3,Shoe,85.98,54.91,817.2,136.63171199586796
47.26786078390705,10.079630750591324,1,Belt,238.58,381.1,377.39,118.37527603804632
45.05633743833524,10.690947744229456,8,Belt,934.41,378.65,448.84,124.29297164794144
52.21166663660118,6.439269700809641,1,Shoe,929.67,595.63,688.5,97.83655454226867
49.48143515686265,3.6505249890346727,10,Purse,238.45,115.5,80.2,80.53511008010537
54.51000969579904,6.215400448039347,9,Purse,431.85,38.7,648.14,102.96781283207447
53.01417768238003,7.851909490521349,4,Belt,532.61,770.57,803.41,110.17754411602947
37.63585668191735,2.8882451334319232,5,Purse,254.84,764.43,304.82,60.60357261594082
54.27781388918614,5.0036420346769,4,Purse,559.31,385.24,741.45,91.50330813192444
44.83881244877179,4.658501924471981,6,Purse,370.48,505.52,436.7,80.74832592007566
50.65683435006043,8.568582306462817,7,Shoe,881.4,62.88,455.79,114.48691049530015
54.99065014500596,10.283605638888965,8,Belt,959.11,142.74,812.94,131.37588961722872
41.16528727499957,3.0681008449665814,4,Belt,270.4,575.42,509.16,64.84199318976565
47.959353407065265,3.1051339822283763,4,Shoe,487.59,704.45,60.56,71.8952912826639
46.79275371575072,7.6799986065696455,5,Belt,261.44,896.64,628.99,103.30274396173823
53.2491813380269,4.651775752805081,5,Belt,519.41,795.27,126.76,88.56161160766247
57.68236643716966,11.900586869957198,6,Shoe,516.83,826.28,175.0,144.28647452687005
51.4017193793121,6.364146304800587,7,Shoe,370.17,668.5,721.82,99.8007435129162
52.332021773226224,10.510880251477445,7,Purse,911.94,103.84,415.51,129.75818353356834
59.13833085442309,3.4056449374612434,4,Belt,388.89,38.74,994.83,85.17784541665179
46.40984623941651,9.91842771525747,8,Belt,9.52,254.79,317.61,120.23884024621881
53.88402273700964,4.059536063965066,1,Purse,454.45,654.48,622.41,82.8507751847651
43.38303041089159,2.7848862314275338,10,Purse,985.32,881.39,735.52,68.37723403088432
55.591318468488936,2.730006603616827,10,Belt,57.1,686.14,404.32,80.20136469380672
55.92213103942821,10.540121197012347,5,Purse,199.19,859.13,932.52,132.45297941851464
55.174358563239224,6.167190167156143,7,Belt,257.53,162.91,66.61,102.19468973333221
51.20022010807729,5.952975715948542,6,Shoe,360.92,536.67,38.31,96.17105011971708
57.2141178938471,5.340378990636941,8,Shoe,423.67,195.83,381.26,98.9967708283057
46.6398573345832,9.87785918656773,9,Purse,965.4,762.9,308.7,120.7348716405573
54.02891515053297,10.479792051495306,4,Purse,376.22,332.4,503.44,129.5874595110001
44.977278011708776,3.7108750020124956,3,Shoe,881.38,460.34,940.28,72.60340302579625
48.770955469980265,3.6206410999056873,6,Belt,261.69,321.3,332.14,77.41544316932007
48.06659057132021,6.977312549338105,6,Belt,796.56,547.36,492.21,100.20777841668693
46.259060122725764,3.3746805977132475,8,Purse,192.37,826.8,645.38,74.2818243067185
45.716733929607955,9.740791154193287,9,Belt,84.39,866.74,899.9,118.85227200896097
51.928847975289244,7.752920902539479,5,Purse,307.93,821.48,559.99,108.9492942930656
47.53599911371443,6.628496615701886,2,Purse,194.35,855.22,473.57,95.03547542362763
42.73652245887941,2.722825052217404,8,Belt,370.22,832.77,96.79,66.19629782440124
43.99079380682139,8.383262636762304,10,Purse,324.28,426.51,311.8,108.1736322641575
44.74742962961964,7.433278094735405,1,Shoe,815.22,966.6,133.46,97.33037629276747
53.265914073968865,5.587318005886861,9,Purse,668.1,104.22,475.31,97.3271401151769
57.398875163084654,8.947135591261,4,Purse,498.1,766.53,131.2,122.22882430191166
47.01452761662401,9.650611737715177,3,Purse,101.72,960.53,262.65,116.21880978063025
51.842121292237564,5.744493986655398,1,Shoe,428.99,641.37,156.52,92.60357919882534
41.930594519212384,9.628546875217374,1,Purse,967.13,233.67,562.94,109.88042264573399
54.38982749612153,7.556674105346777,10,Shoe,144.46,479.75,682.82,112.78654623354896
45.49728173799976,8.036965367009637,6,Purse,262.5,500.83,103.3,105.05603930706722
46.888391836518196,6.622519729330449,5,Purse,689.3,80.29,488.5,95.99602994183134
45.95489660662294,3.542757018327018,9,Belt,141.9,66.71,751.3,75.70419573491206
56.618414563181005,2.6864244244160598,5,Belt,24.49,881.81,481.65,78.17338553409343
46.019824154481704,2.858844461762119,9,Shoe,81.27,867.81,192.53,70.98173538681654
47.456578062334,7.492198303129441,2,Purse,892.7,544.77,573.89,101.00196618424008
50.04996586514568,4.687015611314653,2,Belt,576.69,443.43,154.88,83.95907514434825
43.00348670109361,6.596409707854863,7,Belt,959.85,420.35,149.55,93.02835465607765
49.132221085432306,5.029357414892086,8,Shoe,729.83,512.28,227.82,88.73772298967691
50.446244733807376,11.300729361368647,10,Shoe,659.49,146.55,885.4,135.05135026338792
37.93086585915084,7.178272724578116,5,Belt,723.98,126.31,835.51,90.92877493119767
45.844712050871614,3.0091622749443268,3,Belt,416.12,596.38,642.88,68.55884797548191
46.73881480277574,9.024086050890553,6,Belt,527.6,486.43,824.63,113.20741715900961
47.40761786100746,6.789790242220709,1,Shoe,967.61,134.85,850.86,95.48614955655242
52.2231906490172,7.550077078531685,8,Purse,147.91,338.8,473.72,109.47373019873899
51.399039624641105,5.6826449654959506,3,Purse,580.86,146.85,618.3,92.82755438311275
48.17648144053589,9.65058776561639,7,Purse,384.17,39.47,650.36,119.58059579985061
48.77898449888884,5.304245421031245,1,Shoe,194.19,944.97,595.19,86.45870244610755
52.987144698824146,10.133397785552702,6,Purse,331.8,536.91,70.7,127.22092919769305
49.54623423950904,8.553638931369672,3,Belt,776.79,499.97,910.55,111.07170675909674
41.65943982564042,7.744545198737427,1,Purse,753.9,585.15,136.25,96.4212562168024
49.56719767584555,5.504942675593649,10,Shoe,408.38,657.26,534.41,93.6017964050011
60.36060947919093,3.7365084979052003,4,Shoe,496.39,34.97,550.43,88.71616896452734
56.35125662380847,7.443589590887452,9,Purse,294.18,460.41,434.29,113.40638376002063
39.74533750578358,6.124964398024339,6,Shoe,747.99,852.1,452.76,85.92008829195395
50.34279855478609,5.071401405090087,5,Shoe,234.78,57.6,739.45,88.5926083904167
42.648334767646006,3.9611705294113966,2,Purse,29.6,456.3,818.14,71.47652847352578
49.037396968162064,11.599224962731594,8,Shoe,177.73,983.59,500.5,134.6319717072832
55.30977308737195,8.762957223322747,9,Shoe,510.42,776.72,679.24,121.60047365063119
47.052594919074814,9.927758341213787,6,Shoe,973.76,618.85,793.23,119.84690330757131
57.432106316418995,11.477437653399349,3,Purse,552.28,873.72,889.26,139.42416989021444
55.35417446965292,10.993030553415922,1,Shoe,992.1,333.2,313.18,132.85538834356439
49.463354361006,7.177020092986707,3,Shoe,121.26,449.32,83.6,101.35249501191295
47.36437425684031,4.9821278245862555,1,Belt,98.7,696.61,641.16,82.78926902894409
51.90629468807223,5.123983826498291,9,Shoe,515.64,213.15,533.36,92.72418147356028
50.18479308469628,9.661626126014474,3,Purse,330.21,174.7,74.66,119.4661759667976
49.83691970978284,10.071246397188617,9,Purse,441.5,881.21,871.97,125.28564449010317
52.17922609852336,8.823735110785947,6,Belt,890.21,996.17,142.78,117.24537187402498
44.816548341840836,7.708015569805985,2,Belt,313.91,242.59,923.18,99.87265733048272
50.076921892995415,9.13661767620521,3,Shoe,32.23,569.99,6.56,115.6832456264319
48.5055636620727,3.344111145443014,10,Purse,807.65,197.7,17.25,77.4143416801738
50.11163883687664,8.048801578183912,4,Shoe,426.25,953.76,107.61,108.65324988416403
46.855144687141504,11.485548556493576,4,Purse,954.77,537.72,926.15,129.45398458259655
45.983235962975215,9.35926543131224,6,Belt,814.21,762.49,887.97,114.79809398216089
47.278091766700726,12.65708519148716,4,Shoe,535.8,177.62,965.62,138.07768810711084
52.476643906793065,7.198021287102247,4,Purse,873.88,177.78,798.77,105.0627929165088
48.64123616187093,3.6204154221378007,4,Belt,470.68,957.15,659.14,76.18414411683554
50.01715619241729,4.538083601163298,5,Purse,902.2,561.6,623.5,84.53374140056037
48.533939109089914,9.895150864403739,3,Purse,996.48,193.69,940.59,119.44999515991609
60.49534485182342,4.196875418916554,5,Purse,791.81,784.75,684.23,92.6234727842393
49.51539269865582,11.003993954423432,8,Purse,785.91,901.77,376.67,130.94335037961986
55.843205086146924,7.906704834156564,3,Belt,946.78,255.26,117.55,112.84013892524288
47.537211122465564,6.274853010863172,4,Purse,693.1,512.1,817.2,93.66118219850777
46.77878136467664,12.01923110969695,8,Shoe,580.99,798.25,182.45,135.3133991325553
47.80931297625713,6.443745873523658,3,Belt,773.76,524.72,646.6,94.56553409092274
53.11740708613997,5.857171258030576,5,Shoe,939.8,723.38,622.78,96.86760589235399
43.624750683310424,10.536555814901714,9,Purse,68.5,395.99,236.69,122.33064138762242
49.897001376866335,3.416077652606309,3,Belt,12.74,834.25,369.65,75.45954494511051
54.30465353125849,4.9290132576805235,3,Belt,509.17,759.8,948.13,90.45774633502216
47.271185479320195,10.990032699600366,7,Purse,214.76,618.92,332.78,128.05141437652276
45.35134180104663,4.51156129142005,2,Purse,892.37,700.9,700.85,78.03227084098697
52.04298377961169,8.318791838195803,4,Purse,512.33,466.3,832.4,112.47452664698231
48.174656190129106,11.61430360832523,10,Belt,963.29,657.21,10.52,134.9747814484057
50.72924253159334,5.574622261482249,2,Shoe,417.55,7.99,274.4,90.85159836196908
59.12774208954096,11.608409899592262,9,Purse,522.93,516.31,38.4,145.3366113866868
52.72686383247267,8.078893555836885,6,Shoe,948.46,699.75,1.31,112.57911872333086
54.26933437706071,4.264003578001846,3,Shoe,328.85,308.87,215.84,85.76735942307363
55.56831286101157,3.701179183106013,7,Belt,925.18,627.51,580.14,85.32656714275365
58.325560325558484,8.108224023941808,9,Shoe,199.1,517.83,778.8,120.03312849315115
58.090606586658495,4.368135354360599,10,Purse,726.1,344.38,370.1,94.16755406718269
56.76622444371209,8.187774359606982,3,Belt,90.39,454.9,206.62,115.73064496096097
58.31871697229548,4.9257480015700335,4,Shoe,875.57,703.26,952.12,94.99895298328572
52.573953435303615,11.105517224520462,3,Belt,756.5,584.8,210.31,131.96257400694685
49.73309173435621,6.388213402640744,8,Purse,977.37,886.67,473.93,98.85058555284142
50.32320384222804,10.851313992647796,10,Purse,773.48,364.36,746.38,131.7824017907626
52.21357275052357,8.695669471384798,10,Purse,254.51,427.88,674.41,118.58325905021715
47.43142756404173,4.131277673156086,9,Purse,582.68,401.93,261.88,81.30037127613434
46.24307481444539,4.607693549985636,6,Shoe,146.9,22.88,588.91,81.79692966434484
50.54845731981778,7.585631694266375,4,Shoe,123.8,205.85,23.39,105.84787917968241
45.61321081313002,5.779649852405176,10,Belt,529.4,645.73,277.8,91.57075977996624
51.67960559379167,12.4529215328374,8,Belt,62.89,896.74,473.27,143.2500563236535
48.346888533270786,12.408192359454471,1,Belt,288.76,685.27,375.2,135.7542350494521
56.570251957413824,8.809645265914535,3,Shoe,41.71,859.42,351.13,119.88776881881557
45.552289104067796,5.033867102699045,1,Shoe,92.8,732.93,743.66,81.3393588229611
48.84853258948858,3.210981378939853,8,Belt,424.46,679.61,870.3,75.72540224206756
56.569380613065604,10.18046402799554,2,Purse,497.7,994.24,373.52,128.93262880903438
52.10362095206654,12.063016505700322,2,Shoe,283.94,469.72,5.0,137.64473649196879
55.26445453426542,4.518845582986519,1,Belt,476.9,809.36,41.27,87.44637361517105
54.8991888859801,8.660086785036038,2,Belt,113.83,783.59,365.16,116.61979638123236
55.049259007783576,7.166508255758842,6,Belt,91.65,437.54,126.9,108.51481679809547
49.608011620461745,10.046704289598715,4,Shoe,319.85,867.16,957.6,122.13494164765275
47.681674721438256,11.364355600900566,10,Purse,87.37,553.4,677.66,132.73216392774222
58.06251999101236,9.852827553387499,2,Belt,252.29,239.85,919.97,128.13231286472484
50.79976012943025,11.79117964378233,2,Belt,661.23,630.48,792.89,134.43801763590656
45.636042415760656,6.586274982871569,8,Shoe,718.81,996.61,263.47,96.13996729586165
60.911650798120775,10.634995616339005,2,Shoe,787.95,325.61,751.14,136.4566201124938
53.752752599152785,11.077100450540287,9,Purse,652.92,182.35,264.42,136.2424557529348
